[{"name":"main","qualifiedName":"main","href":"main","kind":9,"packageRank":0,"desc":""},{"name":"InputScreen","qualifiedName":"main.InputScreen","href":"main/InputScreen-class.html","kind":3,"packageRank":0,"desc":"","enclosedBy":{"name":"main","kind":9,"href":"main"}},{"name":"InputScreen","qualifiedName":"main.InputScreen.InputScreen","href":"main/InputScreen/InputScreen.html","kind":2,"packageRank":0,"desc":"","enclosedBy":{"name":"InputScreen","kind":3,"href":"main/InputScreen-class.html"}},{"name":"createState","qualifiedName":"main.InputScreen.createState","href":"main/InputScreen/createState.html","kind":10,"overriddenDepth":1,"packageRank":0,"desc":"Creates the mutable state for this widget at a given location in the tree.","enclosedBy":{"name":"InputScreen","kind":3,"href":"main/InputScreen-class.html"}},{"name":"NICDecoderApp","qualifiedName":"main.NICDecoderApp","href":"main/NICDecoderApp-class.html","kind":3,"packageRank":0,"desc":"","enclosedBy":{"name":"main","kind":9,"href":"main"}},{"name":"NICDecoderApp","qualifiedName":"main.NICDecoderApp.NICDecoderApp","href":"main/NICDecoderApp/NICDecoderApp.html","kind":2,"packageRank":0,"desc":"","enclosedBy":{"name":"NICDecoderApp","kind":3,"href":"main/NICDecoderApp-class.html"}},{"name":"build","qualifiedName":"main.NICDecoderApp.build","href":"main/NICDecoderApp/build.html","kind":10,"overriddenDepth":1,"packageRank":0,"desc":"Describes the part of the user interface represented by this widget.","enclosedBy":{"name":"NICDecoderApp","kind":3,"href":"main/NICDecoderApp-class.html"}},{"name":"ResultScreen","qualifiedName":"main.ResultScreen","href":"main/ResultScreen-class.html","kind":3,"packageRank":0,"desc":"","enclosedBy":{"name":"main","kind":9,"href":"main"}},{"name":"ResultScreen","qualifiedName":"main.ResultScreen.ResultScreen","href":"main/ResultScreen/ResultScreen.html","kind":2,"packageRank":0,"desc":"","enclosedBy":{"name":"ResultScreen","kind":3,"href":"main/ResultScreen-class.html"}},{"name":"build","qualifiedName":"main.ResultScreen.build","href":"main/ResultScreen/build.html","kind":10,"overriddenDepth":1,"packageRank":0,"desc":"Describes the part of the user interface represented by this widget.","enclosedBy":{"name":"ResultScreen","kind":3,"href":"main/ResultScreen-class.html"}},{"name":"decodeNIC","qualifiedName":"main.ResultScreen.decodeNIC","href":"main/ResultScreen/decodeNIC.html","kind":10,"overriddenDepth":0,"packageRank":0,"desc":"","enclosedBy":{"name":"ResultScreen","kind":3,"href":"main/ResultScreen-class.html"}},{"name":"nic","qualifiedName":"main.ResultScreen.nic","href":"main/ResultScreen/nic.html","kind":16,"overriddenDepth":0,"packageRank":0,"desc":"","enclosedBy":{"name":"ResultScreen","kind":3,"href":"main/ResultScreen-class.html"}},{"name":"main","qualifiedName":"main.main","href":"main/main.html","kind":8,"packageRank":0,"desc":"","enclosedBy":{"name":"main","kind":9,"href":"main"}}]
